year,state,abortionratelt20,abortionrate2024,abortionrate2529,abortionrate3034,abortionrate3539,abortionrate40plus,abortionratetotal
1988,AL,32.9,40.5,25.4,14.5,7.4,2.2,21.3
1992,AL,28.9,38.1,22.5,12,6.9,2.1,18.4
1996,AL,21,34.6,19.7,10.9,5.6,1.8,15.3
2000,AL,16.2,29.6,20.3,10.2,5.4,1.6,13.5
2005,AL,12.5,23.2,16.9,10.2,4.9,1.4,11.4
2006,AL,12.5,23.6,17.1,9.7,4.9,1.5,11.5
2007,AL,11.9,24.1,17.6,9.9,5,1.3,11.6
2008,AL,12,23.1,17.5,9.9,4.8,1.3,11.5
2009,AL,10.7,21.9,16.3,9.6,5.2,1.4,10.9
2010,AL,9.6,20.8,16,9.5,4.6,1.3,10.4
2011,AL,9.2,19.4,15.2,9.2,4.8,1.4,10
2012,AL,8.1,17.1,14.2,9.2,4.7,1.5,9.3
2013,AL,6.9,16.2,13.5,8.3,4.2,1.2,8.6
2014,AL,6.5,16.4,13.7,8.5,4.4,1.3,8.7
2015,AL,5.9,16.8,13.3,8.4,4.3,1.2,8.5
2016,AL,5.5,15.8,13.7,8.4,4.1,1.3,8.3
2017,AL,5.3,15.1,13.2,8.2,4.4,1.1,8.1
1988,AK,36.8,43.9,25.2,11.3,6.9,2.3,19.8
1992,AK,30.9,56,25.4,12.7,7.3,2.6,19.5
1996,AK,19.3,46.9,27.2,11.7,5.5,1.9,16
2000,AK,15.1,33,21.1,12.1,5.9,1.9,13.5
2005,AK,16.2,31.4,21.2,12.4,7.1,3.2,15
2006,AK,15.2,29.8,21.5,11.5,7,2.3,14.5
2007,AK,14.7,26.8,19.7,12.3,7.8,2.8,14.1
2008,AK,15.4,27.2,19.2,10.8,7,2.7,13.9
2009,AK,14.3,27.7,20.3,11.2,8.2,2.4,14.3
2010,AK,17,29.1,18.6,11.8,6.9,2.4,14.7
2011,AK,14.5,27.5,18.3,10.7,7.7,2.3,14
2012,AK,12.5,25.4,17,9.6,7.7,2.3,12.9
2013,AK,10.6,21.7,17,10.3,6,2.3,11.8
2014,AK,9.7,20.5,15.5,9.9,5.6,2.8,11.1
2015,AK,8,20.3,14.6,8.9,6.2,2.5,10.5
2016,AK,7.8,17.3,14,9.7,5.8,2.3,9.9
2017,AK,7.1,16.8,13.1,11.2,5.8,2,9.7
1988,AZ,40.4,53.8,33.1,18.7,9.3,2.4,27
1992,AZ,32.7,52.5,31.2,17.4,10,2.9,24.2
1996,AZ,27.4,42.1,27.1,15,9.7,2.8,20
2000,AZ,22.1,34.5,22.3,14.2,7.5,2.7,16.9
2005,AZ,18.3,34.5,21.4,13.8,8.2,2.9,16.5
2006,AZ,16.6,31.7,19.1,13,8,3.7,15.4
2007,AZ,15.7,29.1,18.9,12,7,3.5,14.4
2008,AZ,15.9,33.1,20.7,12.7,8,2.9,15.7
2009,AZ,12,28.5,19.4,12.2,7.6,2.6,13.8
2010,AZ,9.4,23.7,17.1,11.5,7.1,2.6,12
2011,AZ,9.6,23.6,19.2,12.4,7.8,3.2,12.8
2012,AZ,8,21.5,17.7,11.8,7.1,3,11.7
2013,AZ,6.8,19.1,16.5,11.2,6.8,2.5,10.7
2014,AZ,5.9,18.2,15.9,10.1,6.5,2.7,10.1
2015,AZ,5.8,18,16.3,10.9,6.9,2.7,10.3
2016,AZ,6.1,18.4,16.4,11.2,6.7,2.7,10.5
2017,AZ,5.6,17.5,15.2,10.1,6.6,2.4,9.8
1988,AR,28.2,27.9,15.9,8.9,4.9,1.8,15
1992,AR,24.1,37.6,18.7,10.8,6.3,1.7,16.4
1996,AR,17.2,26.2,16.3,8.2,4.8,1.2,12.1
2000,AR,12.9,22.7,15.4,7.9,4.2,1.3,10.4
2005,AR,9,18.1,12.8,9.2,4.9,1.4,9.2
2006,AR,10.7,18,13.4,8.4,5.3,1.6,9.6
2007,AR,10.4,19.2,13.5,9.1,5.8,1.8,10
2008,AR,10.4,18.9,13.9,9.7,5.1,1.8,10
2009,AR,9.6,18.9,14.5,8.8,5.2,1.6,9.9
2010,AR,9.2,17.7,13.7,9.4,5.2,1.7,9.6
2011,AR,8.1,16.8,13.5,8.6,4.7,1.7,9.1
2012,AR,7.3,16.2,12.2,8.8,4.8,1.8,8.7
2013,AR,6,14.6,13.3,8.6,4.7,1.9,8.3
2014,AR,5.2,13.3,12.2,7.7,4.2,1.7,7.5
2015,AR,4.4,12.4,10.6,7.6,3.9,1.3,6.8
2016,AR,4,11.9,9.7,6.2,3.4,1.4,6.2
2017,AR,4.1,11.9,10.6,6.3,3.7,1.1,6.4
1988,CA,76.8,87,52.3,30.3,17.3,4.9,44.9
1992,CA,64.7,91.2,49.1,30,18.1,5.7,41.7
1996,CA,48.1,71.6,43.1,24.6,15.7,5.5,32.9
2000,CA,37.7,67.4,43.8,25.6,14.4,5.1,31.1
2005,CA,27.2,53.6,38.3,23.8,13.6,4.9,26.5
2006,CA,27.4,55.6,39.5,24.6,14.1,5,27.4
2007,CA,27.8,57,40.6,25.5,14.8,5.3,28.3
2008,CA,25.8,54.1,38.8,24.8,14.2,5,27.1
2009,CA,23.5,50.3,36.7,23.7,13.6,5.1,25.6
2010,CA,20.9,46.5,34.7,22.7,13.1,4.9,24
2011,CA,18.5,42.4,32.7,21.6,12.6,4.9,22.4
2012,CA,16.4,39.8,31.9,21.2,12.4,4.8,21.4
2013,CA,14.9,37.9,30.8,20.4,12,4.5,20.5
2014,CA,13.1,35.7,29.8,19.6,12,4.3,19.5
2015,CA,11.7,33.2,28.3,18.9,11.6,4.1,18.4
2016,CA,10.6,30.8,26.8,18,11,3.9,17.3
2017,CA,9.8,28.8,25.3,17.2,10.4,3.7,16.3
1988,CO,39.3,46.2,24.9,14.1,7.9,2.6,21.6
1992,CO,38.6,49.8,26.9,15.6,9.2,2.9,21.9
1996,CO,30.6,40.3,23.7,13.3,8.2,2.8,18.1
2000,CO,19.4,29,16.3,10.5,6.7,2.4,13.3
2005,CO,17.2,30.5,19.7,12.5,8,3.1,14.9
2006,CO,16.9,30.7,20,12.6,8.4,2.8,15
2007,CO,17.4,31.4,20.3,12.1,7.3,3,15.1
2008,CO,16.5,31.3,19.2,11.8,7.5,2.7,14.7
2009,CO,14.6,28.9,18.9,11.8,7.1,3,14
2010,CO,12.9,27.8,18.3,11,7.2,3,13.4
2011,CO,11.4,25.2,17.9,10.7,7.1,3.1,12.6
2012,CO,10,23.9,16.5,10.5,6.8,2.6,11.7
2013,CO,8.4,21.7,16.3,9.9,6,2.5,10.9
2014,CO,7.7,21.5,16.4,10.2,5.9,2.7,10.9
2015,CO,7.1,20.2,15.6,9.8,6.2,2.4,10.3
2016,CO,6.4,19.3,15.1,9.1,5.9,2.3,9.8
2017,CO,6.3,18.5,15.4,9.5,5.5,2.2,9.7
1988,CT,56.9,61.6,36.4,19.2,10,3.1,31
1992,CT,46,61.6,33.2,17.2,9.4,3.1,26.5
1996,CT,38.1,55.1,32.1,16.1,8.5,2.6,22.4
2000,CT,31,54.2,33,17,8.7,2.5,21.4
2005,CT,27.7,56.2,41.3,21.3,11.2,3.3,24.4
2006,CT,28.5,55.7,40.8,21.6,11.8,3.4,24.9
2007,CT,28.2,55.8,41.3,21.9,11.8,3.5,25.3
2008,CT,26.6,53.2,38.5,23.2,11.5,3.4,24.6
2009,CT,23.7,50.1,36.7,21.6,11.7,3.8,23.5
2010,CT,20.6,46.2,36,21,11.2,3.9,22.4
2011,CT,17.3,44.4,34.5,19.7,11.4,3.8,21.2
2012,CT,14.4,42,33.2,19.9,11.3,3.7,20.2
2013,CT,12.9,38.6,33.1,20.1,11,3.5,19.5
2014,CT,12,36.6,33,20.8,11.7,3.9,19.5
2015,CT,10.9,32.4,33.6,21.2,11.8,3.7,18.9
2016,CT,9.4,30.5,33.1,21,11.3,4.2,18.2
2017,CT,9.5,27.7,33.7,20.7,11.1,4.2,17.8
1988,DE,51.1,53.7,31.6,18.9,9.6,2.9,28.9
1992,DE,45.5,57.8,35.4,19.3,10.4,3.1,28.1
1996,DE,24.8,40.6,23.7,12.9,6.8,2.3,17.4
2000,DE,32.6,50.2,33.5,15.5,9.1,2.6,22.5
2005,DE,25.7,51,33.2,19.1,10.9,3.1,23.2
2006,DE,29.6,57.6,41.3,25.1,13.1,4,27.9
2007,DE,35.3,68.7,45.8,29.5,14.3,4.6,32.5
2008,DE,34,63.4,47.2,26,15.3,3.8,31.4
2009,DE,26.9,58.8,47.2,28.4,15.5,8.2,30.7
2010,DE,28.9,56.7,44.9,27.7,15.9,5.3,30
2011,DE,23.7,49,40.1,24.8,12.8,4.7,26.2
2012,DE,17.5,42.9,35.3,20.4,12.3,3.4,22.4
2013,DE,15.7,33.7,27.6,18.4,10.7,3.3,18.6
2014,DE,13.8,34,24.7,17.9,10.3,3.7,17.8
2015,DE,12.3,31.7,24.8,17,10.2,3.2,16.9
2016,DE,11,28.1,23.8,17.7,10.2,3.7,16.1
2017,DE,8.6,29.9,21.9,17.1,10,3.6,15.5
1988,DC,NA,NA,NA,NA,NA,NA,79.3
1992,DC,NA,NA,NA,NA,NA,NA,68.9
1996,DC,NA,NA,NA,NA,NA,NA,38.1
2000,DC,55.5,67.1,51.4,31.1,19.4,6.5,40
2005,DC,57.4,69.2,55,37.1,24.4,9.7,44.4
2006,DC,52.1,58.2,49.7,34,24,9.3,40.1
2007,DC,41.4,51.4,42.5,35.2,25.2,8.7,36.2
2008,DC,48.2,54.2,43.7,33.5,25.8,11.7,38.4
2009,DC,39.6,46.6,36.5,26.6,17.9,8.5,31.6
2010,DC,33.9,37.1,25.8,20.3,16.4,7.1,24.9
2011,DC,26.6,34.6,20,17.3,12.6,3.6,20.3
2012,DC,21.7,34.9,22.9,17.6,15.8,4.3,20.8
2013,DC,27.3,41.2,21.3,16.7,12.5,5.4,21.4
2014,DC,22.2,45,22.6,15.5,12.2,6.5,21.4
2015,DC,15.7,35.6,23.1,15.2,9.5,3.7,18.4
2016,DC,12.3,27.8,18.4,13.7,11,5.3,15.6
2017,DC,20.2,39.4,26.4,16.3,12.7,6.6,21.1
1988,FL,53.4,57.2,31.2,17.3,9,2.6,28.3
1992,FL,44.1,63.8,32.7,17.2,9.4,2.8,26.8
1996,FL,42.9,71.4,43.3,20.6,10.9,3.5,29.4
2000,FL,35.2,71.6,46.9,24.5,11.8,3.5,29.7
2005,FL,25.6,49.6,37.9,22.3,12.3,4,24.3
2006,FL,25.1,49.7,37.4,22.6,12.5,4,24.4
2007,FL,25.2,49.8,37.3,23.2,12.7,4.2,24.8
2008,FL,23.9,48,36.2,23,12.4,4.1,24.1
2009,FL,22.4,46.4,35.2,22.8,12.3,4.3,23.6
2010,FL,20.8,44.4,34.3,22.5,12.3,4.4,23
2011,FL,19.2,41.8,33.4,22.1,12.4,4.5,22.3
2012,FL,17,39.1,32.2,21.5,12.2,4.5,21.2
2013,FL,15.2,37.2,30.9,20.6,11.8,4.1,20.2
2014,FL,13.6,36.2,30.7,20.2,12.1,4.1,19.7
2015,FL,12.1,33.9,29.2,19.5,11.6,3.9,18.6
2016,FL,10.9,31.7,27.6,18.5,10.9,3.7,17.5
2017,FL,9.3,30.5,28.9,20.7,12.1,4.4,17.9
1988,GA,37.3,43.6,26.2,14.6,7.5,2.2,22.2
1992,GA,35.8,51.9,30,16.6,9.5,2.7,23.9
1996,GA,27,42.6,27.9,14.9,8,2.5,19.6
2000,GA,19.3,37.2,25,14.5,7.4,2.3,16.9
2005,GA,15.6,32.2,25.2,15.4,8.2,2.5,16.1
2006,GA,14.7,32.3,25.5,15.6,8.7,2.5,16.1
2007,GA,15.8,32.8,25.2,15.6,8.4,2.7,16.4
2008,GA,17.2,37.3,29.5,18.8,10.3,3.2,19
2009,GA,15.7,34.2,27.7,18.1,10.3,3.3,18
2010,GA,13.9,32.6,26.1,17.4,9.8,3.1,16.9
2011,GA,13.3,31,25.7,17.2,9.9,3.1,16.6
2012,GA,12,29.8,25.1,17,9.8,3.4,16.1
2013,GA,10.5,28.3,25,16.9,9.7,3.2,15.6
2014,GA,9.3,27.3,23.9,16,9.1,3.1,14.8
2015,GA,8.5,27.7,24.9,16.2,9.4,3.2,15
2016,GA,8.1,27.2,25.7,16.8,9.8,3,15.2
2017,GA,7.6,26.8,25.5,17.1,9.9,3.3,15.2
1988,HI,67.9,82.6,54.6,31.8,20,6.7,43.6
1992,HI,71.4,105.9,57,34.1,18.8,6.9,46
1996,HI,41.4,58.1,35.2,19.1,12.8,4.2,26.5
2000,HI,34.9,45.1,28.9,16.9,11,3.7,22.2
2005,HI,25.8,40.5,26.9,17.4,10.5,4,20.6
2006,HI,27.3,42.3,26,17.6,10.1,4.1,21
2007,HI,27.8,43.1,28,18,10.4,4.4,21.8
2008,HI,28.2,43.3,25.2,17.8,11.5,4.6,21.7
2009,HI,24.7,41.1,28.6,17.4,11.5,4.8,21.4
2010,HI,24.4,41.7,27.6,17.4,10.3,4.2,21
2011,HI,23.5,40.1,26.8,17.8,11.4,4.8,20.9
2012,HI,18.8,34.5,25.1,15.6,10.4,4.7,18.4
2013,HI,13.4,32.7,22.7,12.8,8.5,3.9,15.9
2014,HI,11.5,27.1,19.4,12.7,8.9,3.3,14
2015,HI,9.7,21.9,17.9,12.1,8.8,3.7,12.6
2016,HI,8.5,21.1,16.5,11.7,7.7,3.5,11.7
2017,HI,8.5,21.5,17.7,11.7,8.4,3.8,12.1
1988,ID,18.2,26.1,14.9,9.6,4.8,2.4,12.7
1992,ID,14.3,20.2,14.6,7.5,5.1,1.5,10.2
1996,ID,12.7,16.7,12.9,7.9,4.7,1.7,9.2
2000,ID,10.4,20.4,13.5,7.7,5.7,2.4,9.9
2005,ID,8.9,14.6,13.3,7.2,5.6,2,8.7
2006,ID,10.2,16.3,11.9,7.9,5.3,1.9,9.1
2007,ID,10.3,17.8,12.5,7.7,5.1,2.2,9.5
2008,ID,8.4,16.7,10.5,7.8,4.3,1.7,8.5
2009,ID,7.7,15.9,10.2,7.1,4.5,2.4,8.1
2010,ID,7.1,15.1,10.3,8,4.1,1.4,7.9
2011,ID,6.2,14.1,10.4,8,4,1.9,7.6
2012,ID,6.2,12.6,9.9,5.9,3.2,1.9,6.8
2013,ID,4.3,12.1,8.9,4.5,3.7,1.5,5.9
2014,ID,4.3,11.3,8.6,5,3.3,1.2,5.7
2015,ID,4.1,11.4,7.2,5.3,3.9,1.5,5.6
2016,ID,3.9,11.3,8.2,5.4,2.6,1.3,5.5
2017,ID,3.4,11,7.5,5.5,3.6,1.3,5.4
1988,IL,43.6,55.5,30.2,17.4,9.8,3.2,27
1992,IL,33.4,57.9,30,16.8,10.1,3.2,24.5
1996,IL,36.4,54.5,33.3,17.2,9.8,3.5,24.4
2000,IL,28.8,45.4,31,16.5,8.8,2.9,21.3
2005,IL,19.8,34.4,27,17,9.7,3.1,18.1
2006,IL,19.3,34.8,26.9,17,9.9,3.1,18.2
2007,IL,19.8,34.2,26.5,17.4,10,3.1,18.3
2008,IL,20.7,37.4,27.9,18,10.5,3.1,19.5
2009,IL,18.2,33.6,24.8,16.8,9.9,3.5,17.8
2010,IL,16.3,30.4,22.5,15.1,8.8,3.3,16.1
2011,IL,15,30.6,22.7,15.7,9.2,3.3,16.1
2012,IL,13.8,29.9,23.3,15.8,9.4,3.5,16.1
2013,IL,12.7,29.5,24.1,15.5,9.3,3.4,15.9
2014,IL,10.9,29,23.6,15.2,9.4,3.5,15.5
2015,IL,9.5,27.6,24.7,15.1,9.2,3,15.1
2016,IL,8.7,26.7,24,15.2,9.1,3.2,14.7
2017,IL,8.9,27.2,24.7,15,8.8,3.4,14.9
1988,IN,25.5,32.8,18,10.6,5.9,1.7,16.2
1992,IN,22.9,35.3,20.4,11.2,5.9,1.6,16
1996,IN,19,30.8,18.1,10.4,5.3,1.6,13.7
2000,IN,12.9,25.2,17.7,9,4.8,1.6,11.4
2005,IN,9.7,20.6,15.4,9.3,5,1.6,10.1
2006,IN,9.1,19.9,14.6,9.1,5.4,1.6,9.8
2007,IN,9.2,18.8,14.2,9.1,5,1.5,9.6
2008,IN,8.7,19.3,14,8.9,4.7,1.5,9.5
2009,IN,8.5,18.3,13.6,8.7,5,1.5,9.3
2010,IN,7.6,17.4,13.5,8.5,5,1.6,9
2011,IN,6.4,15.7,12.4,8.3,4.8,1.7,8.3
2012,IN,5.8,14.5,12.5,7.8,4.5,1.7,7.9
2013,IN,5.2,13.9,12.3,7.8,4.5,1.4,7.7
2014,IN,5.2,14,12.9,7.7,4.7,1.5,7.8
2015,IN,4.9,14.5,12.7,7.8,4.9,1.6,7.9
2016,IN,4.8,14.5,12.7,8.1,4.6,1.6,7.9
2017,IN,4.8,14.2,13.1,8.1,4.6,1.6,7.9
1988,IA,27.5,33.8,19.7,11,6.1,2,17.1
1992,IA,16.7,25.4,16.2,9.2,4.9,1.8,12.2
1996,IA,12,20.8,14.1,8.7,4.7,1.4,9.9
2000,IA,12.5,21.4,14.4,8.9,4.7,1.6,10.3
2005,IA,10.6,19.9,16.3,9.3,5.2,1.7,10.4
2006,IA,10.9,20.8,16.6,9.4,5.9,1.9,10.9
2007,IA,11.1,21.6,17.1,10.1,6.1,2.1,11.5
2008,IA,10.2,20.6,15.3,8.8,5.9,1.9,10.6
2009,IA,10.4,19.2,14.6,9.3,5.6,2,10.4
2010,IA,9.2,18.8,14.6,9,5.8,2.2,10.1
2011,IA,7.9,17.7,13.5,8.1,5,2.6,9.4
2012,IA,6.7,15.5,11.7,7.7,4.7,1.8,8.3
2013,IA,4.9,12.8,10.7,7.1,4.3,1.6,7.1
2014,IA,4.6,11.6,10.4,6.8,4.1,1.6,6.7
2015,IA,4.4,11.7,11.1,7.2,3.9,1.4,6.8
2016,IA,4.3,11.4,11.4,7.4,4.2,1.6,6.9
2017,IA,3.6,10,10.1,7,4.1,1.4,6.2
1988,KS,27.6,24.9,12.8,7.1,4,1.2,13
1992,KS,22.3,27.9,14.6,8.2,4.7,1.4,12.7
1996,KS,17.7,26.3,16.6,8.9,5.2,1.6,12.1
2000,KS,12.9,23.9,16.8,9.7,4.9,1.7,11.2
2005,KS,9.7,18.8,16.1,8.9,5.2,1.6,10
2006,KS,9.9,18.6,16.1,9.3,5.6,1.4,10.2
2007,KS,9.4,19.6,15.3,9.4,5.4,1.9,10.3
2008,KS,9.4,19.7,14.8,9.5,5.2,1.6,10.2
2009,KS,7.6,16.2,12.8,8.1,4.8,1.6,8.7
2010,KS,5.7,13.5,10.4,6.8,4.1,1.4,7.2
2011,KS,5.1,13,10.3,6.7,4,1.5,7
2012,KS,5.1,12.6,10.5,6.7,4.4,1.4,7
2013,KS,4.5,12.6,10.9,7.2,4.3,1.5,7
2014,KS,4.2,11.8,10.8,6.8,4.4,1.6,6.8
2015,KS,3.7,11,10.5,7.1,4.4,1.4,6.5
2016,KS,3.4,10.4,10.6,6.7,4,1.6,6.3
2017,KS,3.8,10.5,10.5,6.5,4,1.5,6.3
1988,KY,22.9,22.9,11.2,6.6,3.7,1,11.6
1992,KY,20.5,23.7,12.7,7,3.6,1.2,11.2
1996,KY,12.6,19.6,12.5,6,3.3,1,8.8
2000,KY,8.7,16.5,11.2,6.5,3.2,1.1,7.6
2005,KY,6.6,14.1,10.2,6.4,4.1,1.2,7
2006,KY,7.3,13.7,10.4,6.5,3.9,1.1,7
2007,KY,7.8,13.7,9.8,6.6,3.7,1.4,7.1
2008,KY,7.4,15,10.7,6.9,3.6,1.3,7.4
2009,KY,7.4,13.7,10.2,6.7,3.9,1.5,7.2
2010,KY,6.4,13.4,9.7,6.8,4,1.5,7
2011,KY,6.1,12.8,9.8,6.3,4.1,1.5,6.8
2012,KY,5.3,11.7,10.1,6.2,3.9,1.1,6.4
2013,KY,4.9,11.3,8.8,6.4,3.4,1.1,6.1
2014,KY,4.6,10.7,9.5,6.1,3.8,1.3,6.1
2015,KY,3.9,10.6,9.2,5.8,3.2,1.5,5.8
2016,KY,3.6,9.5,8.9,5.7,3.6,1.1,5.5
2017,KY,3.5,9.2,9,6.3,3.9,1.3,5.6
1988,LA,23.9,30.2,19.7,12.4,7.4,2.2,16.7
1992,LA,16.3,24.5,14.7,8.5,4.5,1.6,11.7
1996,LA,16.3,28.5,17.8,9.3,5.2,1.8,12.8
2000,LA,11.9,25.1,17.6,8.8,4.6,1.4,11.3
2005,LA,10,20.3,16.2,9,5.1,1.7,10.5
2006,LA,12.2,24.2,18.3,10.7,6,1.9,12.4
2007,LA,13.4,28.2,18.9,11.6,6.1,1.9,13.7
2008,LA,14.9,30.7,21.7,13.4,6.7,1.9,15.3
2009,LA,13.7,27.2,19.4,12.1,6.7,1.9,14
2010,LA,11.2,24.1,18,11.5,6,2.2,12.6
2011,LA,10.8,22.3,17.6,10.6,6.3,2.1,12.1
2012,LA,8.5,19.9,17.2,10.8,5.9,2,11.2
2013,LA,7.1,17.9,16.3,10,5.7,1.9,10.3
2014,LA,6.4,17.8,16.5,10.4,5.8,1.9,10.2
2015,LA,6.2,18.3,16.9,10.5,6.3,2,10.5
2016,LA,6.4,18.5,17.1,11.3,6.6,1.9,10.7
2017,LA,6,17.8,15.5,10.6,5.9,2.1,10
1988,ME,29.7,29.3,15.6,8.2,4.2,1.5,14.6
1992,ME,21,33.5,21.2,11.7,6.1,2.3,15.1
1996,ME,19.6,27.6,18.4,8.8,5.8,1.9,12.4
2000,ME,15.4,25.6,16.4,9,5.2,1.4,10.9
2005,ME,12.6,24.3,17.6,9.4,4.8,1.8,10.9
2006,ME,11.9,27.3,17.5,9.9,5.1,1.6,11.4
2007,ME,12.4,27.2,18.9,10.5,5.4,1.9,12
2008,ME,12,26.6,18.4,10.2,6.2,1.5,11.9
2009,ME,10.8,25.5,19.4,9.1,5.4,2,11.5
2010,ME,10.4,22.7,17.2,10.2,5.3,2,10.9
2011,ME,8.6,21.4,15.3,9.7,5.5,1.6,10.1
2012,ME,8.7,20,15.9,10.3,5.1,1.8,10.1
2013,ME,7.9,20.3,16.4,9.2,5.3,2.5,10.1
2014,ME,7.1,20,16.8,10.2,5.5,2.4,10.2
2015,ME,6.6,18.5,15.1,9.4,6.7,2,9.6
2016,ME,5.9,16.3,14.1,10.6,5.4,1.7,9
2017,ME,6.5,15.9,13.3,9.9,6.1,1.4,8.9
1988,MD,61.5,71.2,42.8,22.6,10.1,3.1,34.9
1992,MD,54.5,78.1,43.9,23,10.7,3.3,33.1
1996,MD,48.1,75.9,47.5,22.1,11.7,3.3,31
2000,MD,39.7,77,52.8,28.1,14.3,4,32.5
2005,MD,25.8,61.6,49.3,29.5,15.5,4.4,29.2
2006,MD,23.8,54.3,42.7,28.2,14.5,4,26.5
2007,MD,23.6,51.9,36.1,22.2,12,3.8,23.9
2008,MD,23.1,51.3,35.3,21.8,12,3.8,23.7
2009,MD,23.1,52.4,36.2,23.4,12.8,4.5,24.9
2010,MD,23.3,53.9,37.2,24.4,13.7,4.8,25.9
2011,MD,24.4,55.4,38.7,25.5,14.4,4.3,26.9
2012,MD,18.9,51.4,37,23.8,13.9,4.1,24.7
2013,MD,17.6,46.5,33.3,21.6,12.6,4.1,22.6
2014,MD,15.6,44.8,33.4,20.9,13.1,4.2,22.1
2015,MD,13.6,42.5,34.8,22.5,12.4,3.9,21.8
2016,MD,12.9,40.6,35.1,22.8,13,4.7,21.7
2017,MD,13,42.9,37.6,23.7,13.3,5.1,22.7
1988,MA,52.3,49.4,33.7,20.4,12.7,4.7,29.6
1992,MA,39,56.2,36.9,23,13.6,4.5,28.7
1996,MA,36.3,60.2,36.8,24.7,14.4,5.4,28.1
2000,MA,26.3,44,30.7,17.9,10.8,4.4,21
2005,MA,20.1,41.6,29.3,18.9,12.1,4.2,20.2
2006,MA,19.6,39.1,30.2,18.5,11.4,4.2,19.9
2007,MA,19.7,37.3,28.8,18.3,11.2,4.2,19.5
2008,MA,17.4,37.2,28,18.2,10.8,4.1,19
2009,MA,16.3,35.7,27.1,17.6,10.9,4.4,18.6
2010,MA,14.8,34.8,26.7,17.4,11,4.4,18.3
2011,MA,13.4,34.1,26.7,17.8,10.9,4.1,18
2012,MA,12.4,32.1,24.4,15.9,10.3,4.3,16.8
2013,MA,9.4,29,23,16,10.1,4,15.5
2014,MA,8.7,27.5,23.5,16.5,10.6,4,15.5
2015,MA,7.6,24.5,23.7,16.3,10.3,4,14.8
2016,MA,7.1,22.7,23.5,15.6,9.4,3.7,14.1
2017,MA,6.2,20.6,22.3,15.7,10.4,3.9,13.6
1988,MI,49.1,55.3,32.2,17.6,9.1,2.6,28.2
1992,MI,38.1,54.2,30.5,17.1,9.3,2.5,24.6
1996,MI,29.4,47.6,30.9,16.5,9,2.8,21.5
2000,MI,24.9,45.7,33.3,18.3,9.5,3.1,21.2
2005,MI,20.2,38.5,30.2,18.1,9.9,2.9,19.3
2006,MI,18.6,36.1,28.6,17.6,9.7,2.9,18.4
2007,MI,17.6,35.2,27.1,17.1,9.4,2.9,17.8
2008,MI,18.3,36.1,27.2,17.8,9.5,2.6,18.3
2009,MI,17.1,34,25.5,16.1,8.8,2.9,17.2
2010,MI,14.9,31,23.8,15.4,8.9,2.9,16.1
2011,MI,13.2,30,23.3,14.4,8.1,2.7,15.4
2012,MI,11.4,29,23.7,15,8.1,2.8,15.1
2013,MI,10.3,28.3,23.4,14.8,8.6,3.1,15
2014,MI,9.3,27.4,24.1,15,8.8,2.8,14.9
2015,MI,8.2,25.2,24.9,15,9,2.8,14.5
2016,MI,7.7,24.1,24.6,14.8,8.3,2.8,14.1
2017,MI,7.3,23.2,24.5,15,8.2,2.9,13.9
1988,MN,29.3,35.1,18.8,10.5,6,2,17
1992,MN,19.1,33.7,19,10.5,5.8,3,14.5
1996,MN,16,30.2,19.8,10.3,6.2,2.1,13.1
2000,MN,12.9,29,19.9,11.7,6.1,2.6,12.9
2005,MN,10.8,25.5,19.8,11.8,7,2.1,12.5
2006,MN,11,25.2,19.9,11.8,6.9,2.1,12.6
2007,MN,11.2,25.6,19.1,11.7,7,2.2,12.7
2008,MN,10,23.6,17.9,10.9,6.6,2.5,11.9
2009,MN,9.3,22.6,16.3,10.2,6.2,2.2,11.2
2010,MN,8,21.8,15.1,10.2,6,2.3,10.6
2011,MN,7.6,20.4,14.8,9.7,5.9,2.5,10.2
2012,MN,6.6,19.2,14.5,8.9,6.1,2.3,9.7
2013,MN,5.8,17.6,13.9,9.2,5.4,2.1,9.1
2014,MN,5.1,16,14,8.8,5.7,2.2,8.8
2015,MN,4.7,15.6,14.4,9.6,6.2,2,8.9
2016,MN,4.9,15.2,15.2,10,6,2.2,9.1
2017,MN,4.8,16.4,15.9,10.3,6.4,2.3,9.5
1988,MS,17.1,19,11.7,7.6,4.1,1.3,10.8
1992,MS,20.4,30.2,17.5,9.6,5.3,1.5,14.5
1996,MS,16.3,32.2,19,11.2,5.1,1.8,14.3
2000,MS,17,31.6,20,10.2,5.4,1.8,14.3
2005,MS,12,26.9,20.6,10.8,4.4,1.7,12.8
2006,MS,11.3,27.7,20.1,11,5.3,1.5,12.9
2007,MS,11.1,28.3,20.4,10.8,4.5,1.4,12.9
2008,MS,12.5,28.3,19.8,12.2,5.4,1.7,13.5
2009,MS,10.8,26.4,20.1,10.9,4.9,1.4,12.6
2010,MS,9.7,24,19,9.8,5.1,1.3,11.7
2011,MS,8.8,22.1,17.7,10.4,4.7,1.3,11.1
2012,MS,7.9,19.8,17.2,9.9,5,1.1,10.4
2013,MS,7,17.9,16.3,9.8,4.5,1.2,9.7
2014,MS,6.4,17.6,15.2,9.1,4.3,1.2,9.2
2015,MS,5.4,16.2,15.1,9.3,4.5,1.3,8.8
2016,MS,4.8,15.4,14.1,10,4.4,1.4,8.6
2017,MS,5.3,16.1,13.4,8.6,4.2,1,8.3
1988,MO,31.3,41.8,23.7,13.8,7.8,2.4,20.5
1992,MO,23.1,37.1,21.8,12.8,7.4,1.8,16.9
1996,MO,16.4,28.8,19,11.4,6.4,2.1,13.4
2000,MO,14.6,29.7,23.1,13.6,7.1,2.6,14.4
2005,MO,11.6,24.4,18.5,11.7,7.1,2.5,12.5
2006,MO,12.2,25.2,18.2,11.7,6.5,2.3,12.6
2007,MO,12.5,26.3,18.6,10.7,6.5,2.1,12.8
2008,MO,11.7,26,18.8,10.9,6.5,2.2,12.8
2009,MO,10.4,23.4,15.8,10.6,5.5,2.1,11.5
2010,MO,9,20.4,14.3,8.7,5.5,1.8,10.1
2011,MO,8.5,20,13.3,8.7,5.1,1.8,9.8
2012,MO,7.8,18.4,13.4,8.4,5.3,1.9,9.4
2013,MO,6.7,17.5,13.3,8.8,4.7,1.7,9
2014,MO,5.4,15.2,11.6,7.1,4.7,1.6,7.8
2015,MO,5.2,15.8,12.8,7.9,4.5,1.7,8.2
2016,MO,5.3,15.9,14.4,8.1,5.1,1.5,8.6
2017,MO,5.5,14.9,13.1,8.6,4.7,1.4,8.3
1988,MT,24.5,26.9,15,8.3,4.9,2,13.2
1992,MT,24.4,34.7,20.4,12.8,6.9,2.1,15.7
1996,MT,17.8,27.1,19.5,11.6,5.5,2,12.8
2000,MT,15,27.1,16.4,10.1,5.7,2.1,12
2005,MT,12.9,20.6,15.4,10.3,5.8,2,11.2
2006,MT,11.8,22.2,16.8,8.8,5.6,2.6,11.4
2007,MT,11.8,23.5,15.9,9.5,6.1,2.1,11.7
2008,MT,11.6,22.1,15.6,9.7,5.5,1.7,11.3
2009,MT,11,20.5,16,9.2,6.2,2.2,11.1
2010,MT,10,21.5,15,9.3,6,2.2,11
2011,MT,10.6,20.3,15.2,9.3,5.5,3,11
2012,MT,8.9,18.3,14.1,8.7,5.6,2.5,10
2013,MT,7.3,15.7,13.2,8.5,5.6,2,9
2014,MT,6.9,14.6,12.6,7.3,4.3,1.6,8.2
2015,MT,6.4,13.9,12.6,7.9,4.6,2,8.2
2016,MT,5.3,13.8,12.3,8.1,5.3,2.5,8.2
2017,MT,5.9,13.5,12.3,6.9,5,2.1,7.9
1988,NE,28.4,30.8,17,8.6,5.5,1.9,15.5
1992,NE,20.2,32.8,17,8.8,4.9,2.1,13.8
1996,NE,14.1,23.7,15.1,8.1,4.7,1.4,10.7
2000,NE,12.7,21.8,15.3,9.4,5.1,1.8,10.7
2005,NE,8,15.8,12.6,7.2,4.8,1.6,8.4
2006,NE,6.6,13.8,12.1,7.1,4,1.4,7.6
2007,NE,6.3,13.4,10.2,6.5,4.2,1.1,7.1
2008,NE,7.1,15.4,11.3,7.3,4.6,1.6,8.1
2009,NE,6.8,14.4,9.7,6.9,3.9,1.7,7.4
2010,NE,5.6,13.7,9,5.8,4,1.5,6.8
2011,NE,6.3,13.4,10.1,6.4,3.9,1.6,7.1
2012,NE,5,12.9,10.4,6.5,4.3,1.7,7
2013,NE,4.8,12.7,10.5,6.6,3.6,1.3,6.8
2014,NE,3.8,11.6,10.2,6.3,4.1,1.7,6.5
2015,NE,3.6,9.6,11,6.4,4.4,1.4,6.2
2016,NE,3.1,9.3,10.8,6,3.9,1.4,5.9
2017,NE,3.4,10.6,10,6.5,3.8,1.5,6.1
1988,NV,58.4,70,48.7,28.2,15.9,3.9,37.2
1992,NV,55.5,92.3,50.3,32.3,20,5.1,40.4
1996,NV,52.7,80.5,54.9,30.4,20.9,7,38.4
2000,NV,37.7,61,42.8,25.4,16.8,5,30.1
2005,NV,29.2,51.2,34.7,23.2,14.7,5.2,25.8
2006,NV,27.7,50.6,33.5,24.1,14.5,5.2,25.5
2007,NV,27,48.5,35.2,23.4,14.8,4.7,25.3
2008,NV,24.2,46.9,32.1,22.6,13.2,5.1,23.8
2009,NV,22.6,44.9,32,22.4,14.1,4.9,23.3
2010,NV,20.7,43.8,31.6,23.2,13.5,5.2,22.9
2011,NV,17.2,40.3,29.8,21.3,12.7,9.8,21.8
2012,NV,14.6,34.5,27.5,18,11.8,10.3,19.5
2013,NV,11.7,32,24,15.8,11.4,8,17.2
2014,NV,12.2,35.1,31.2,21.6,10.8,4.2,19.3
2015,NV,11.2,32.2,27.2,19.7,11.1,4.9,17.9
2016,NV,10.4,29.5,25.6,17.1,11,4.4,16.5
2017,NV,9.3,30.3,25.3,18.6,10.7,4.1,16.5
1988,NH,45.2,44.5,22.6,12.7,7,2.5,21.9
1992,NH,22.6,37.8,24.2,12.8,7.2,2.5,16.9
1996,NH,21.9,42,27.2,15.2,8,3,17.5
2000,NH,17.6,35.6,25.1,13.2,7.1,2.8,14.9
2005,NH,11,24.8,20.2,10.7,6.5,2.1,11.5
2006,NH,10.7,24.2,20.4,10.8,6.2,2.1,11.4
2007,NH,10.9,23.9,19.4,11.1,6.2,2.2,11.5
2008,NH,9.6,23.5,18.4,11.1,6,2.1,11.1
2009,NH,9.2,23.4,18.9,10.9,6.1,2.4,11.2
2010,NH,8.6,23.2,18.9,11.3,6.4,2.4,11.4
2011,NH,8.8,24.5,18.9,10.8,6.4,2.2,11.6
2012,NH,7.7,20.8,17.2,11,6,2.2,10.6
2013,NH,6.6,17.7,15.8,9.7,6.2,2,9.6
2014,NH,6.5,18.3,17.6,10.9,6.5,2.5,10.3
2015,NH,5.8,16.8,17.6,11.5,6.9,2.2,10.2
2016,NH,5.9,15.6,17.3,11.6,6,2.3,9.9
2017,NH,5.3,14.7,15.9,11.4,7.1,2.2,9.6
1988,NJ,59.3,73.7,43.9,22.9,13.2,4.5,36
1992,NJ,48.1,77.2,43.4,22.3,11.5,3.7,32.1
1996,NJ,51.2,87.7,53.5,25.7,13.8,5,35.4
2000,NJ,49.6,90.4,55.7,29.6,14.9,5.2,36.4
2005,NJ,39.3,75,55.7,29.8,15.6,5.6,33.8
2006,NJ,36.3,71.2,53.9,29.7,15.3,5.8,32.7
2007,NJ,29.4,69.3,52,30.5,16.4,5.9,31.6
2008,NJ,31.1,66.7,51,29,15.7,5.7,31.2
2009,NJ,25.6,63.4,47.6,29.1,15.9,6.3,29.8
2010,NJ,25.3,60.5,43.3,27.1,15.3,5.6,28.3
2011,NJ,23,56.5,41.2,27.2,14.8,5.4,27
2012,NJ,16.9,51.2,43.1,28.1,15.3,6.2,26
2013,NJ,17.1,49.5,42.1,27,14.8,5.3,25.4
2014,NJ,14.9,46.9,45.8,27.1,16.7,6.6,25.9
2015,NJ,16.4,47.7,48,28.9,16.8,6.3,27
2016,NJ,16.8,49.3,50.3,30,17.5,6.7,28.2
2017,NJ,15.3,47.1,49.6,31.5,18.3,6.9,28
1988,NM,35.1,44.2,27.8,17.1,10,3.9,23.4
1992,NM,30.5,47.1,27.5,14.9,9.5,3.6,21.4
1996,NM,23.1,35.5,24.6,12.5,7.1,2.9,16.8
2000,NM,22.6,36.7,26.3,13.8,7.5,3,17.6
2005,NM,18.1,34.9,23.9,13.8,7.5,3,16.9
2006,NM,19.2,37.1,24.4,14.2,7.4,2.9,17.7
2007,NM,20.1,38.3,24.4,14.7,8.8,3,18.5
2008,NM,18.1,35.2,22.5,13.8,7.4,2.9,17
2009,NM,16.9,30.9,21.9,13.1,7.4,4.7,16.2
2010,NM,15.5,29.5,20.4,13.6,7.5,3,15.3
2011,NM,13,26.1,18.6,12.2,6.9,3.4,13.8
2012,NM,11.5,21.6,17.1,11.4,6.4,2.3,12.1
2013,NM,9.3,18.6,15.2,9.7,5.5,2.2,10.4
2014,NM,8.6,17.5,15.3,9.6,5.5,2,10.1
2015,NM,8.6,18.1,15,10.3,5.5,2.4,10.3
2016,NM,8.7,18.6,15.6,9.9,6.3,2.4,10.6
2017,NM,7.5,16.6,14.5,9.8,5.8,2.3,9.6
1988,NY,61.5,79.5,51.7,30.3,16.4,5.3,41.5
1992,NY,61.2,89,60.8,36.1,19.6,6.2,44.6
1996,NY,52.3,79.9,55.2,33.2,18.2,5.9,38.8
2000,NY,47.6,77.5,55.7,34.9,19.4,6.5,38.3
2005,NY,41.9,71.2,53.5,35,20.1,7.2,37
2006,NY,40.4,68.7,52.4,34.8,19.4,6.7,36.2
2007,NY,38.8,66.5,51,33.7,19.3,6.8,35.5
2008,NY,38.5,67.3,52.2,36,20.4,7.3,36.7
2009,NY,36.6,64.3,50.5,34.8,19.8,7.3,35.6
2010,NY,33.7,62.4,48.4,33.8,19.7,7.3,34.5
2011,NY,31,60.6,47,33.4,20.2,7.2,33.7
2012,NY,26.8,55.8,44.1,31.6,19.4,7,31.4
2013,NY,22.8,51.8,41.3,29.6,18.1,6.8,29.1
2014,NY,21.1,50.9,42.7,30.3,19.2,7,29.3
2015,NY,19.2,48.5,41.6,30.3,18.9,7.2,28.5
2016,NY,17.7,45.1,40.9,29.5,18.8,7.4,27.4
2017,NY,16.6,43.2,39.5,28.2,18.1,7,26.3
1988,NC,45.6,47.6,25.3,14.7,7.3,2,24.2
1992,NC,35.3,44.5,24.7,13.5,7.2,2,20.9
1996,NC,26.4,41.6,23.5,12.7,6.8,2.3,18
2000,NC,23.1,42.8,27.5,15,7.3,2.3,18.8
2005,NC,16.2,34.3,25.1,14.4,7.5,2.3,16.1
2006,NC,15.8,34.4,24.6,14.2,7.4,2.3,16
2007,NC,16,33.6,23.5,14.3,7.6,2.4,15.8
2008,NC,14.7,31.6,22.6,13.5,7.4,1.9,15
2009,NC,14.3,30.2,21.8,13.2,6.9,2.2,14.6
2010,NC,12.6,28.7,21.3,13.6,7.2,2.4,14.2
2011,NC,10.5,25.5,19.5,12.5,6.9,2.4,12.8
2012,NC,10,26.1,20.4,13.2,7.2,2.5,13.2
2013,NC,9.5,26.3,21.5,13.9,7.8,2.6,13.6
2014,NC,8.4,25.9,21.4,13.7,7.6,2.6,13.3
2015,NC,7.5,23.6,20.4,13,7.5,2.5,12.5
2016,NC,6.4,21.5,19.3,12.4,7.1,2.3,11.6
2017,NC,6.8,22.2,21,13.8,7.4,2.4,12.4
1988,ND,19.1,20.4,10.4,5.8,3.9,1.2,10.4
1992,ND,13.6,18.7,9.4,5.8,3.2,1.2,8.6
1996,ND,10.8,15.4,9.4,5.5,3.4,1.2,7.4
2000,ND,8,13,10.5,6.1,3.9,1.1,7
2005,ND,7.6,11.2,11.3,5.3,3.6,1.2,6.9
2006,ND,6.5,11.8,11.9,5.3,3.9,0.9,7
2007,ND,6.9,12.4,10.4,5.8,3.6,1.2,7.1
2008,ND,8,13.6,10.8,6.2,4.2,1.6,7.9
2009,ND,7.3,13.3,11.6,6.2,3.7,1.1,7.8
2010,ND,6.7,13.5,10.5,6.4,3.4,1.6,7.6
2011,ND,5.7,12.5,10,5.8,3.7,1.5,7.1
2012,ND,5.5,12,9.6,5.4,3.3,1.4,6.8
2013,ND,4.6,10.4,9.3,6.2,3.8,1.1,6.4
2014,ND,4.6,11.3,10.8,6.3,4.5,1.7,7.1
2015,ND,4.1,10.4,9.2,7.2,4.9,1.6,6.7
2016,ND,4.2,9.6,10,7.4,4.3,1.1,6.6
2017,ND,4.4,10.5,9.1,7.4,4.3,1.4,6.6
1988,OH,31,41.6,22.9,13.1,7,2.5,20
1992,OH,22.1,42.8,24,12.9,7.5,2.6,18.2
1996,OH,19,37.8,25.1,12.4,7.3,2.6,16.4
2000,OH,17.9,35.4,24.3,12.9,6.6,2.1,15.6
2005,OH,14.7,29.5,21.4,12.9,6.8,2.1,14.2
2006,OH,14.5,29.7,20.8,12.7,7.1,2.1,14.2
2007,OH,14.5,29.1,20.9,13,7,2.1,14.2
2008,OH,14.3,29.4,21.3,12.6,6.5,2.1,14.2
2009,OH,13.1,28,19.4,12.7,7,2.1,13.7
2010,OH,12.2,26.3,19.2,11.8,6.5,2.2,13
2011,OH,10.5,25.1,19,11.7,6.4,2.3,12.6
2012,OH,9.3,22.7,17.9,11.6,6.6,2.2,11.8
2013,OH,8.1,21.4,17,10.8,6,2,11
2014,OH,6.8,19.9,16.6,10.5,6.3,2,10.5
2015,OH,6.1,18.3,16.6,9.9,5.8,1.9,10
2016,OH,5.6,17.5,15.4,9.6,5.6,1.8,9.4
2017,OH,5.5,16.5,15.5,9.9,5.5,1.8,9.3
1988,OK,28.2,34.3,19.4,11.4,6.5,2,17.2
1992,OK,15.3,28.1,17.6,9.7,5.3,1.7,12.7
1996,OK,13.5,24.8,18.1,9.5,5,1.7,11.7
2000,OK,12.8,22.4,15.5,8.1,4.8,1.4,10.6
2005,OK,10.1,19.5,15.2,9.4,5.3,1.6,10.3
2006,OK,9.5,20.4,14.4,9,5.5,1.7,10.3
2007,OK,9.8,20.2,14.2,9,5.4,1.8,10.3
2008,OK,9.6,19.8,13.8,9.3,6,1.7,10.3
2009,OK,9.6,18.1,12.7,9,4.9,1.9,9.6
2010,OK,7.9,16.1,12.5,8.2,4.8,1.8,8.8
2011,OK,6.9,15.1,11.2,6.7,4.5,1.6,7.9
2012,OK,7,14.1,11.3,6.7,4.3,1.7,7.8
2013,OK,6,13.3,11.7,7.2,4.2,1.8,7.6
2014,OK,5.6,11.9,10.3,6.8,3.6,1.6,6.8
2015,OK,4.2,11.4,9.3,6.4,3.6,1.4,6.3
2016,OK,3.5,10.5,9.4,6.1,3.5,1.3,5.9
2017,OK,3.9,11.2,9.8,6.4,3.7,1.2,6.2
1988,OR,43.3,50.6,28.3,15.1,7.9,2.1,23.4
1992,OR,32.9,52.8,29.4,15.7,8.3,2.6,21.7
1996,OR,27.2,41.5,27.6,15.5,8.3,2.6,19
2000,OR,25.5,44.2,30,18.6,10.1,3.4,21.1
2005,OR,16.4,31.5,23.3,14.7,9.1,3.6,16.3
2006,OR,17.2,32.2,23.4,14.4,8.9,3.2,16.5
2007,OR,17.2,31.9,24,14.4,9.1,3.4,16.7
2008,OR,16.4,28.9,22.1,14.8,8.7,3.2,15.7
2009,OR,14.5,27.8,20.4,13.1,8.4,3.2,14.6
2010,OR,12.3,26.3,19.3,12.4,7.6,3,13.6
2011,OR,11.5,24.9,18.7,12.4,7.5,3.2,13.2
2012,OR,9.9,23,17.9,11.2,7.2,3,12.2
2013,OR,8.8,20.5,17.3,10.8,6.6,2.5,11.2
2014,OR,8.2,20.3,17.7,11.1,7,2.9,11.3
2015,OR,8,20.9,17.6,11.5,6.8,2.8,11.4
2016,OR,7.5,20,17.8,11.9,7.4,3,11.4
2017,OR,7.3,19.3,17,11.7,7.2,2.9,11
1988,PA,34.3,36.9,22.3,13.2,7,2.2,19.6
1992,PA,28.5,41,24.7,13.3,7.3,2.3,18.9
1996,PA,20.6,35.5,23.2,13.1,7.2,2.4,15.9
2000,PA,18.2,34.5,23.9,13.9,7.1,2.5,15.5
2005,PA,14.8,31.7,23.5,14.9,8,2.7,15.3
2006,PA,15.5,33.1,24.2,15.4,8.2,2.8,16.1
2007,PA,16.9,34.9,25.7,16.3,9,2.8,17.2
2008,PA,18.4,38.9,27.9,17.5,9.4,3,19
2009,PA,17,36.7,26.7,17,9.2,3.3,18.3
2010,PA,15.4,34.3,25.1,16.5,9.1,3.1,17.3
2011,PA,12.9,31.3,24.3,15,9,3.1,16.1
2012,PA,11.4,29.1,23.1,14.3,8.2,2.9,15.1
2013,PA,9.7,27.3,22.5,13.7,8.2,2.8,14.3
2014,PA,8.9,26.7,22.5,14,8.5,2.7,14.2
2015,PA,8.3,26.5,23.5,14.6,8.7,2.8,14.4
2016,PA,7.9,25.9,24.6,15.4,8.8,3.1,14.6
2017,PA,7.5,25.1,23.9,15.3,8.6,3,14.3
1988,RI,36.2,47,27.2,17.1,8.5,3,24.2
1992,RI,35.7,46.6,31.6,18.8,11,3.5,24.6
1996,RI,31.6,48.8,28.8,19.4,10.7,3.8,22.8
2000,RI,23.5,45,31.3,19.2,9.8,4.2,21.1
2005,RI,20.5,40.7,31.2,20.1,9.5,4,20.5
2006,RI,20.1,40.4,31.5,16.9,10.1,3.8,20.2
2007,RI,19.1,37.1,30.3,20.9,10.2,3.6,20
2008,RI,18.9,38.6,30.1,17.9,9.5,3.9,19.9
2009,RI,17,35.5,28.3,18.6,10.9,2.6,18.9
2010,RI,16.4,32.5,27.2,16.7,9.9,3.5,18
2011,RI,14.8,31.4,26.2,16.3,10.1,3.1,17.3
2012,RI,11.6,29.8,23.6,16.3,9.2,3.5,16.1
2013,RI,9.9,25.9,22.9,15.3,9.6,3.1,14.8
2014,RI,7.5,27.2,23.5,16.8,10.5,3.8,15.3
2015,RI,8.4,26.1,24.9,16.3,11.3,4.5,15.7
2016,RI,8.6,27.1,23.7,18.3,10.6,4.4,16
2017,RI,7.9,25.8,26,17.1,9.8,4.8,15.8
1988,SC,33.8,37.5,22,13.4,6.2,1.9,19.8
1992,SC,24.1,35.6,21.3,11.5,6.3,1.8,16.8
1996,SC,19.7,30.6,18.5,11.4,6.2,1.8,14.3
2000,SC,17.6,28.6,20.1,10.7,6.1,1.8,13.7
2005,SC,16.3,28,21.2,14.8,7.7,2.4,14.9
2006,SC,16,29.3,21.7,13.8,7.6,2.4,15
2007,SC,16,28.5,22.6,13.2,7.8,2.4,15
2008,SC,14.2,27.6,20.9,13.1,7.4,2.5,14.3
2009,SC,14.4,26.5,20.3,13.3,6.9,2.4,14.1
2010,SC,13.5,25.6,20.3,12.9,7.7,2.5,13.9
2011,SC,11.2,23.1,18.6,11.4,6.9,2.5,12.5
2012,SC,10.2,20.9,20,11.8,7.1,2.5,12.3
2013,SC,9.3,21.4,18.4,12.6,6.9,2.5,12.1
2014,SC,8.3,20.2,18,12.4,7.1,2.2,11.6
2015,SC,7.6,21.2,17.7,11.6,6.9,2.5,11.5
2016,SC,6.8,20.9,17.6,11.6,7.4,2.4,11.4
2017,SC,7,20.6,18.9,12.3,7.5,2.7,11.8
1988,SD,15.5,18.2,10.1,5.7,3.2,1.7,9.4
1992,SD,14.6,17.9,9.6,6.6,3.5,1.6,8.8
1996,SD,11.6,15.4,8.4,5.6,4,1.1,7.5
2000,SD,7.2,13.2,9.7,6.4,2.7,1,6.5
2005,SD,5.6,11.9,9.6,6.4,3.7,1.1,6.4
2006,SD,5.5,13,8.7,5.6,3.4,1.1,6.4
2007,SD,6.3,11.8,8.2,6.3,3.2,1.2,6.3
2008,SD,5.7,12.1,8.3,6.6,3.5,1.3,6.4
2009,SD,5.5,11.2,8.3,5.3,3.1,1,6
2010,SD,4.5,11.3,7.6,4.7,2.5,0.8,5.5
2011,SD,4.9,10.5,7.3,4.7,3.2,1.2,5.5
2012,SD,3.9,9.5,8.6,5.5,2.5,1,5.4
2013,SD,3.5,9.2,8.9,4.9,2.9,1.2,5.3
2014,SD,3.5,8.4,8.2,4.7,4.1,1,5.2
2015,SD,2.7,8.6,7.3,5.5,3.2,1.1,4.9
2016,SD,2.6,7.2,7.8,5.3,2.8,1.1,4.6
2017,SD,3.4,7.8,7.1,4.2,3.6,0.9,4.7
1988,TN,31.1,33.8,19.5,10.8,6.2,1.8,17.4
1992,TN,25.2,35.5,19.7,11.3,5.9,1.9,16.2
1996,TN,18.3,30.9,18.8,10,5.2,1.6,13.5
2000,TN,16.3,31.5,20.7,10.8,5.6,1.6,13.8
2005,TN,12.5,26,18.7,11.3,5.9,1.5,12.4
2006,TN,13.7,23,20.4,10.1,6.7,1.3,12.3
2007,TN,12.1,25.3,18.8,11.4,5.6,1.6,12.3
2008,TN,12.4,26.3,19.2,11.4,6.1,1.8,12.7
2009,TN,11.1,24.7,18.3,10.6,5.9,1.8,12
2010,TN,9.8,23,16.9,10.7,5.5,1.9,11.3
2011,TN,8.7,21.1,16.6,10.2,5.7,1.8,10.7
2012,TN,8,20.1,16.2,10,5.4,1.6,10.3
2013,TN,7.1,18.9,15.9,10,5,1.9,9.9
2014,TN,6.5,17.7,15.5,9.4,5.6,1.5,9.5
2015,TN,5.7,16.7,14.6,9.6,5.3,1.6,9.1
2016,TN,5.1,15.8,14.1,9.1,4.9,1.5,8.6
2017,TN,4.5,15.6,13.6,9.2,5,1.6,8.4
1988,TX,31.1,48.3,30.4,17.6,10,3.5,24.2
1992,TX,26.2,50.3,29,16.8,9.6,3.5,22.4
1996,TX,23,43.2,29,14.5,8.4,3.1,19.6
2000,TX,17.6,40.6,26.5,16.1,8.3,3.1,18.3
2005,TX,13.2,34.1,26.6,15.7,9.1,3.3,17
2006,TX,15.7,33.3,23.5,14.3,8.1,2.6,16.3
2007,TX,15,32.2,22.4,13.7,8,2.5,15.6
2008,TX,14.9,32.7,22.7,13.9,7.9,2.7,15.9
2009,TX,14.1,31.1,22.2,13.5,7.8,2.8,15.4
2010,TX,12.4,29.3,21.4,13.5,7.7,2.8,14.6
2011,TX,10.8,25.9,19.6,12.6,7.3,2.9,13.3
2012,TX,9.4,24.1,19.4,12.4,7.1,2.7,12.6
2013,TX,8.3,22.5,18.8,11.9,7.2,2.6,12
2014,TX,6.2,18.6,15.9,10.1,5.9,2.1,10
2015,TX,5.7,17.9,15.5,9.9,6.1,2.2,9.7
2016,TX,5.3,17.2,15.2,10,6,2.1,9.4
2017,TX,5.3,17.4,15.4,10.3,6,2.2,9.5
1973,US,24.2,26.2,16.2,10.6,7.2,3,16.3
1974,US,28.5,30.5,19.5,12.6,8.5,3.4,19.3
1975,US,32.8,34.3,21.6,13.6,9,3.7,21.7
1976,US,36.1,39.6,23.8,14.6,9.5,3.9,24.2
1977,US,39.3,44.3,26.6,15.2,9.9,4,26.4
1978,US,41.5,47.2,28.1,15.9,9.9,3.8,27.7
1979,US,44.3,49.9,29.3,16.1,9.5,3.6,28.8
1980,US,44.8,51.5,30.4,16.6,9.4,3.7,29.3
1981,US,44.9,51.4,31,17.2,9.6,3.6,29.3
1982,US,44.7,51.1,31.2,17.3,9.4,3.5,28.8
1983,US,45.5,51,30.8,17.4,9.7,3.4,28.5
1984,US,45.3,51.6,30.7,17.4,9.7,3.1,28.1
1985,US,45.9,52,30.8,17.5,9.8,3.1,28
1986,US,44.5,51.8,30.8,17.6,9.8,3,27.4
1987,US,43.8,52,30.7,17.8,10,3,26.9
1988,US,45.5,53.7,31.8,17.9,10.1,3.1,27.4
1989,US,43.9,53.8,31.9,18.2,10.2,3.2,26.8
1990,US,42.6,56.7,33.7,19.2,10.8,3.3,27.4
1991,US,39.4,56.5,33.1,18.6,10.5,3.2,26.2
1992,US,37.3,55.9,33.2,18.5,10.4,3.3,25.7
1993,US,35.9,55,32.9,18.2,10.2,3.3,25
1994,US,33.5,51.9,31.8,17.7,10,3.3,23.7
1995,US,31.1,49.1,31.2,17.2,9.8,3.3,22.5
1996,US,30.2,49.3,31.8,17.4,9.8,3.3,22.4
1997,US,28.6,48.1,31.6,17.4,9.6,3.2,21.9
1998,US,27.2,47,31.4,17.6,9.6,3.3,21.5
1999,US,26,46.5,31.5,17.9,9.7,3.3,21.4
2000,US,25.2,46,31.5,18.3,9.8,3.3,21.3
2001,US,23.7,44.5,31.2,18.4,9.7,3.4,20.9
2002,US,22.3,42.7,31,18.4,9.8,3.5,20.5
2003,US,21.5,41.4,30.4,18.3,9.9,3.4,20.2
2004,US,20.6,39.8,29.8,18,9.9,3.4,19.7
2005,US,19.7,38.7,29.3,17.8,10.1,3.4,19.4
2006,US,19.9,39.8,29.8,18.4,10.4,3.5,20
2007,US,19.2,38.5,28.6,17.9,10.2,3.5,19.4
2008,US,18.7,38.4,28.4,18.1,10.2,3.5,19.4
2009,US,17.1,36,26.9,17.3,9.9,3.6,18.5
2010,US,15.5,34.1,25.8,16.8,9.7,3.6,17.7
2011,US,14,32.1,25,16.3,9.6,3.6,16.9
2012,US,12.3,30,24.3,15.9,9.4,3.6,16.1
2013,US,10.9,28.2,23.3,15.2,9,3.3,15.2
2014,US,9.6,26.7,22.9,14.8,9,3.2,14.6
2015,US,8.7,25.3,22.6,14.8,8.9,3.1,14.2
2016,US,8.1,24.1,22.2,14.5,8.7,3.1,13.7
2017,US,7.8,23.5,21.9,14.5,8.6,3.1,13.5
1988,UT,16,22.3,14.2,8.1,4.6,1.6,11.9
1992,UT,9.4,17.2,11.5,7.1,4.3,1.3,8.9
1996,UT,7.5,13.3,11,7.7,3.8,1.5,7.8
2000,UT,6,10.8,9.1,6.4,3.8,1.4,6.6
2005,UT,5.8,10,8.7,6,4.7,1.4,6.5
2006,UT,6.1,10.9,8.8,5.8,4.1,1.5,6.7
2007,UT,6.3,11.3,8.7,6,4.2,1.8,6.8
2008,UT,5.9,10.4,8.8,5.8,4.3,2.1,6.6
2009,UT,5,10.4,7.9,5.6,4.4,1.8,6.2
2010,UT,4.3,9.6,7.7,5.3,3.9,2,5.7
2011,UT,4.3,8.7,7.4,5,3.2,1.7,5.3
2012,UT,3.7,8.5,7.1,4.9,3.7,1.7,5.2
2013,UT,3.6,8.4,7.1,5.2,3.2,1.5,5
2014,UT,3.3,7.6,6.6,4.6,3.3,1.3,4.6
2015,UT,3.1,7.9,7.2,4.5,2.9,1.4,4.6
2016,UT,2.9,7.9,7,4.6,3,1.4,4.6
2017,UT,3.2,7.6,6.5,4.7,2.8,1.2,4.5
1988,VT,37.3,43.9,23.6,14.2,7.5,2.9,21.6
1992,VT,26.4,32.1,19.9,12.1,7.4,2.3,16
1996,VT,23.7,35.4,18,12.2,7.9,3,15.4
2000,VT,14.2,27.2,17.3,9.2,5.6,2.4,11.6
2005,VT,15.7,29.9,25,10.7,6.9,3,14.4
2006,VT,13.9,30.1,22.8,11.4,7.5,2.7,14.2
2007,VT,13.1,29.7,21.7,12.4,7.1,2.6,14
2008,VT,12.9,30.2,20.4,14.3,7.2,2.8,14.3
2009,VT,10.8,29.6,21.5,12.2,7.3,3.4,14
2010,VT,9.8,27.1,22,13,7.2,3.1,13.6
2011,VT,10.6,29.2,21.2,10.1,7.4,3.2,13.7
2012,VT,9.1,26.4,20.3,13.6,7.8,3,13.4
2013,VT,9.7,22.4,20,12.5,9.7,2.2,12.8
2014,VT,8.1,20.5,20.1,11.7,7.6,3.2,12
2015,VT,6.4,18,20.4,14.1,7,2.3,11.5
2016,VT,7.2,16.3,20.2,12.8,5.8,3.1,11.1
2017,VT,5.1,13.9,17.6,12.3,7.4,2.7,9.9
1988,VA,46.2,51.8,30.7,17.9,9.5,2.9,26.6
1992,VA,36.5,52.9,32.3,18,10.1,2.9,24.6
1996,VA,30.5,45.2,29.2,15.8,8.8,2.8,20.6
2000,VA,21.4,43,29.4,17.1,9.2,3.1,19.3
2005,VA,18.1,39.6,29.1,16.9,9.4,3.3,18.7
2006,VA,17.4,39.9,30.7,18,10,3.2,19.3
2007,VA,17.5,40.3,31.8,18.7,10.4,3.6,19.9
2008,VA,15.9,37.9,29.8,18.4,10.5,3.6,19.1
2009,VA,15.3,36.6,28.4,18.9,10.7,3.6,18.8
2010,VA,14.2,35.6,27.7,18.6,10.7,4.1,18.5
2011,VA,12.7,34,26.5,17.6,10.6,3.6,17.6
2012,VA,11.6,33.6,26.5,18.7,10.9,4,17.7
2013,VA,10.9,34,27.5,18.7,11.1,3.7,17.8
2014,VA,7.8,27,23.3,15.5,9.7,3.5,14.7
2015,VA,7.6,25,21.9,15.4,9.1,3.1,13.9
2016,VA,6.9,22.7,21.3,14.5,8.6,3.5,13.1
2017,VA,6.1,20.3,20.1,13.6,8.1,3,12.1
1988,WA,46.9,58.9,34.3,18.4,10.3,3.1,27.8
1992,WA,43.2,65.4,36.6,20.6,11.4,3.7,28
1996,WA,29.8,47.8,31.7,16.9,9.8,3.3,21.3
2000,WA,26.4,44.4,29.8,18.6,9.7,3.5,20.8
2005,WA,20.5,36.6,24.9,15.6,9.3,3.4,18
2006,WA,20.3,37.2,25.6,15.3,9.8,3.5,18.4
2007,WA,21.1,38.5,25.4,15.6,9.4,3.5,18.8
2008,WA,19.9,37.1,24.7,15.5,9.7,3.7,18.4
2009,WA,18,34.7,23.8,14.9,9,3.8,17.4
2010,WA,16.3,32.5,22.9,14.1,9.1,3.7,16.5
2011,WA,15.1,30.4,22.2,14.5,8.8,3.8,15.9
2012,WA,13.2,28.1,21.3,13.8,8.4,3.4,14.8
2013,WA,11.4,26.1,20,13.1,7.9,3.2,13.8
2014,WA,10.2,25.5,20.1,13.3,8.5,3.2,13.7
2015,WA,9.7,23.2,18.7,13.1,8.3,3.3,12.9
2016,WA,8.8,21.7,18,12.5,7.6,3.2,12.1
2017,WA,8.3,21.4,17.6,12.8,8,3.1,12.1
1988,WV,17.5,24.5,15.1,7.7,3.6,1.1,11.7
1992,WV,16.9,24.6,13.7,7.5,4.1,1.2,11.1
1996,WV,13.1,18.5,11.5,6.4,3,0.9,8.6
2000,WV,10,17.4,10.9,6.9,3.3,0.7,7.9
2005,WV,8.6,15.4,12.4,6.6,3.2,0.9,7.7
2006,WV,7.8,16,13.6,8.1,4,1.2,8.2
2007,WV,8.8,18.3,13.6,8.2,4.1,1,8.8
2008,WV,7.9,15.5,12.1,6.9,4.1,0.9,7.8
2009,WV,9.2,18,13.8,8.6,3.8,1.1,8.9
2010,WV,9.8,20.4,15.3,9.9,4.7,1.3,10.1
2011,WV,10,18.4,14.6,9.2,5.2,1.3,9.7
2012,WV,6.5,16.6,13,8.1,4,1.2,8.2
2013,WV,5.2,13.1,10.7,6.6,3.6,1.2,6.8
2014,WV,5.4,12,11.4,6.6,4.5,0.8,6.8
2015,WV,4.4,12.6,11.6,9.1,4.1,1.1,7.2
2016,WV,4.8,14.1,12.6,8.6,3.9,1.2,7.6
2017,WV,4.2,13.2,12.5,8.7,3.9,1.5,7.4
1988,WI,29,33.3,17.9,10,5.3,1.6,16.6
1992,WI,21.4,31.9,18.4,9.8,5.2,1.5,14.3
1996,WI,16.2,29.9,18.5,10.1,5.4,1.8,12.8
2000,WI,12.4,23.2,17.2,9,5.1,1.6,10.8
2005,WI,9.7,19.5,14.8,8.7,4.8,1.7,9.6
2006,WI,9.2,17.9,14.8,8.6,4.6,1.5,9.2
2007,WI,8.4,17.5,13.5,7.6,4.9,1.5,8.8
2008,WI,8.3,17.2,12.9,7.5,4.8,1.6,8.7
2009,WI,7.9,17,13.3,7.2,4.1,1.5,8.5
2010,WI,7.2,16.5,11.8,7.8,4.9,1.4,8.3
2011,WI,5.9,15.7,12.4,7.1,4.4,1.7,7.9
2012,WI,5.3,14.3,11.2,7.1,4.5,1.7,7.4
2013,WI,4.6,12.9,11.3,6.4,4.2,1.4,6.9
2014,WI,4.6,12.4,11.2,6.5,4,1.5,6.8
2015,WI,4.6,12.2,11,7,3.8,1.4,6.8
2016,WI,4.1,11,11.8,7.2,4.2,1.5,6.8
2017,WI,4,11.5,12.3,7.5,4.2,1.5,7
1988,WY,25.3,26.9,14.1,7,6.7,1.1,13
1992,WY,19.7,25.5,20.5,10.5,6.9,1.5,13.2
1996,WY,18.3,30.3,21.5,14.8,9.9,1.8,15
2000,WY,26.9,33.8,35.1,12,13.7,3.7,20
2005,WY,12,21.5,17.1,11.3,7.3,2.4,12
2006,WY,11.6,21.3,16.3,10.8,7,2.3,11.8
2007,WY,11.6,20.5,15.1,10.2,6.3,2.3,11.3
2008,WY,10.1,18.8,13.1,9.2,5.8,2.1,10.2
2009,WY,9.1,17.8,12.5,8.7,5.6,2.3,9.7
2010,WY,8.3,17.9,12.4,8.2,5.6,2.3,9.4
2011,WY,9.1,18.1,13.1,8.9,5.6,2.5,9.9
2012,WY,7.2,15.6,12,7.9,5,2.2,8.7
2013,WY,5.6,13.5,10.9,6.8,4.4,1.8,7.5
2014,WY,5.8,13.8,11.3,7,4.9,1.8,7.7
2015,WY,5.1,13.2,10.7,7,4.7,1.9,7.3
2016,WY,4.6,12.6,10.9,6.7,4.2,1.8,7
2017,WY,4.8,12.4,10.2,6.3,4.2,1.6,6.7
